Date;TransType;Item;Description;TransID;TableSource;Qty;OriginalStoreroom;OriginalBin;ToStoreroom;ToBin;Location;PoNumber;InventoryUsage ;WorkOrder;ItemType;ItemCommCodes;WOCommGroup ;ConditionCode;ActualCost;LineCost;FromStoreroom;TopAsset;AssetConCode
17/03/2025;RECEIPT;TL57336;LED-Taschenlampe UV;225922;MATRECTRANS;3;DKR1;;DKR1;DKR1MMBüro;;PO73546;;;;TECH-TOOL;;;48,1;144,3;;;
17/03/2025;ISSUE;29747;TOTAL Quartz INEO MC 3  SAE 5W30;142294;MATUSETRANS;-1,5;STE;;;;ORT1041;;41724;WO1945555;Lubricant;TECH-CONS;PM-FS;;4,39;6,59;STE;243-111;NEW
17/03/2025;ISSUE;29747;TOTAL Quartz INEO MC 3  SAE 5W30;142295;MATUSETRANS;-1;STE;;;;ORT1041;;41724;WO1945555;Lubricant;TECH-CONS;PM-FS;;4,39;4,39;STE;243-111;NEW
17/03/2025;ISSUE;28675;Fire Extinguisher Powder- 6 kg, Presto Type PG 6 Class: A, B, C (S);142296;MATUSETRANS;-1;SHA1;;;;ORT1041;;41723;WO1945555;SparePart;DF;PM-FS;;27,87;27,87;SHA1;243-111;NEW
17/03/2025;ISSUE;28675;Fire Extinguisher Powder- 6 kg, Presto Type PG 6 Class: A, B, C (S);142297;MATUSETRANS;-1;SHA1;;;;ORT1041;;41723;WO1945555;SparePart;DF;PM-FS;;27,87;27,87;SHA1;243-111;NEW
17/03/2025;ISSUE;43001;WD40 450ml;142298;MATUSETRANS;-1;SHA1;;;;ORT1041;;41723;WO1945555;Lubricant;TECH-CONS;PM-FS;;9,65;9,65;SHA1;243-111;NEW
17/03/2025;ISSUE;ITM3890;Waschflüssigkeit T-blue Kemethyl mit Frostschutz 205L Fass;142299;MATUSETRANS;-12;SHA1;;;;ORT1041;;41723;WO1945555;Lubricant;TECH-CONS;PM-FS;;3,46;41,52;SHA1;243-111;NEW
17/03/2025;ISSUE;15151;MANN filter element CU14200;142300;MATUSETRANS;-2;SHA1;;;;ORT1041;;41723;WO1945555;SparePart;QA;PM-FS;;24,85;49,7;SHA1;243-111;NEW
17/03/2025;ISSUE;15150;Filtermatte Klimagerät, 332x216x24mm;142602;MATUSETRANS;-2;SHA1;;;;ORT1041;;41723;WO1945555;SparePart;LC;PM-FS;;1;2;SHA1;243-111;NEW
17/03/2025;TRANSFER;29878;Fühlerlehrensatz 0,05-1,00mm;225923;MATRECTRANS;1;XKS4;Bartz, Marek;XKS4;zur Prüfung/Kalibrierung;;;41734;;;TECH-TOOL;;;0;0;PPO1;;
17/03/2025;TRANSFER;29973;Lötkolben;225924;MATRECTRANS;1;XKS4;Grochulski, Piotr;XKS4;zur Prüfung/Kalibrierung;;;41735;;;TECH-TOOL;;;0;0;DKS4;;
17/03/2025;ISSUE;13579;Schlauchleitung M26X1.5-M26X1.5 Länge=91cm;142603;MATUSETRANS;-1;SHA1;;;;ORT1041;;41733;WO1945121;SparePart;QE;PM-FS;;29,53;29,53;SHA1;243-112;NEW
17/03/2025;ISSUE;ITM3890;Waschflüssigkeit T-blue Kemethyl mit Frostschutz 205L Fass;142604;MATUSETRANS;-5;SHA1;;;;;;41733;WO1945121;Lubricant;TECH-CONS;PM-FS;;3,46;17,3;SHA1;243-112;NEW
17/03/2025;ISSUE;15150;Filtermatte Klimagerät, 332x216x24mm;142605;MATUSETRANS;-2;SHA1;;;;;;41733;WO1945121;SparePart;LC;PM-FS;;1;2;SHA1;243-112;NEW
17/03/2025;ISSUE;29225;Winter Carbon Strips SK1810-SK85W- Int HCCS-C, Schunk;142606;MATUSETRANS;-4;SHA1;;;;;;41733;WO1945121;SparePart;FB;PM-FS;;307,49;1229,96;SHA1;243-112;NEW
17/03/2025;TRANSFER;29878;Fühlerlehrensatz 0,05-1,00mm;225925;MATRECTRANS;1;DKS1;zur Prüfung/Kalibrierung;DKS1;DKS1L01002;;;41736;;;TECH-TOOL;;;0;0;XKS4;;
17/03/2025;TRANSFER;29973;Lötkolben;225926;MATRECTRANS;1;DKS1;zur Prüfung/Kalibrierung;DKS1;DKS1L01002;;;41736;;;TECH-TOOL;;;0;0;XKS4;;
17/03/2025;ISSUE;12606;Castrol Optimol Optigear RMO 20l Gebinde;142543;MATUSETRANS;-15;SLU1;;;;ORT1031;;41676;WO1914311;Lubricant;TECH-CONS;PM-FS;;12,48;187,2;SLU1;185-415;NEW
17/03/2025;ISSUE;12606;Castrol Optimol Optigear RMO 20l Gebinde;142544;MATUSETRANS;-3;SLU1;;;;ORT1031;;41676;WO1914311;Lubricant;TECH-CONS;PM-FS;;12,48;37,44;SLU1;185-415;NEW
17/03/2025;ISSUE;14863;Dichtung Alu 48x55x2mm;142545;MATUSETRANS;-4;SLU1;;;;ORT1031;;41676;WO1914311;SmallPart;TECH-STAP;PM-FS;;1,85;7,4;SLU1;185-415;NEW
17/03/2025;ISSUE;14084;Dichtring Kupfer 18x24x1,5mm;142546;MATUSETRANS;-1;SLU1;;;;ORT1031;;41676;WO1914311;SmallPart;TECH-STAP;PM-FS;;0,33;0,33;SLU1;185-415;NEW
17/03/2025;ISSUE;14084;Dichtring Kupfer 18x24x1,5mm;142547;MATUSETRANS;-3;SLU1;;;;ORT1031;;41676;WO1914311;SmallPart;TECH-STAP;PM-FS;;0,33;0,99;SLU1;185-415;NEW
17/03/2025;ISSUE;12731;Leuchtstoffröhre  L36W/840 1200mm;142548;MATUSETRANS;-1;SLU1;;;;ORT1031;;41676;WO1914311;SparePart;KA;PM-FS;;1,35;1,35;SLU1;185-415;NEW
17/03/2025;ISSUE;30651;Destilliertes Wasser 60 L.;142549;MATUSETRANS;-3;SLU1;;;;ORT1031;;41676;WO1914311;Lubricant;TECH-CONS;PM-FS;;0,52;1,56;SLU1;185-415;NEW
17/03/2025;ISSUE;14081;Dichtring Alu 27x35x2mm;142550;MATUSETRANS;-1;SLU1;;;;ORT1031;;41676;WO1914311;SmallPart;TECH-STAP;PM-FS;;0,45;0,45;SLU1;185-415;NEW
17/03/2025;ISSUE;13397;Ölfilterpatrone Kompressor-Aggregat;142551;MATUSETRANS;-1;SLU1;;;;ORT1031;;41676;WO1914311;SparePart;QA;PM-FS;;68,22;68,22;SLU1;185-415;NEW
17/03/2025;ISSUE;13250;Osram Halogen-Glühlampe 21W 24V BAY9s;142552;MATUSETRANS;-1;SLU1;;;;ORT1031;;41676;WO1914311;SparePart;KA;PM-FS;;4,88;4,88;SLU1;185-415;NEW
17/03/2025;ISSUE;ITM4472;Waschflüssigkeit T-blue Kemethyl mit Frostschutz 25L;142553;MATUSETRANS;-3;SLU1;;;;ORT1031;;41676;WO1914311;Lubricant;TECH-CONS;PM-FS;;2,85;8,55;SLU1;185-415;NEW
17/03/2025;ISSUE;13443;Filtermatte für Fahrmotorlüfter (Grün);142554;MATUSETRANS;-4;SLU1;;;;ORT1031;;41676;WO1914311;SparePart;HE;PM-FS;;1,07;4,28;SLU1;185-415;NEW
17/03/2025;ISSUE;13620;Filtermatte Klimagerät, 290x650x22mm;142555;MATUSETRANS;-2;SLU1;;;;ORT1031;;41676;WO1914311;SparePart;LC;PM-FS;;1,9;3,8;SLU1;185-415;NEW
17/03/2025;ISSUE;29225;Winter Carbon Strips SK1810-SK85W- Int HCCS-C, Schunk;142556;MATUSETRANS;-4;SAN1;;;;ORT1037;;41678;WO1947618;SparePart;FB;PM-FS;;307,49;1229,96;SAN1;243-107;NEW
17/03/2025;ISSUE;15150;Filtermatte Klimagerät, 332x216x24mm;142557;MATUSETRANS;-2;SAN1;;;;ORT1037;;41678;WO1947618;SparePart;LC;PM-FS;;0,65;1,3;SAN1;243-107;NEW
17/03/2025;ISSUE;12605;Locolub Eco (Spurkranz-Schmierstoff), Fuchs Lubritech GmbH;142558;MATUSETRANS;-3;SAN1;;;;ORT1037;;41678;WO1947618;Lubricant;TECH-CONS;PM-FS;;28,71;86,13;SAN1;243-107;NEW
17/03/2025;ISSUE;ITM3444;101E48-Ruban adhésif de masquage 3M;142607;MATUSETRANS;-2;FOS1;;;;;;;WO1899275;SmallPart;MA;MAT-SALES;;4,9;9,8;FOS1;;
17/03/2025;ISSUE;13454;Shell Gadus S3 V220 c-2;142608;MATUSETRANS;-1;FOS1;;;;;;;WO1899275;Lubricant;TECH-CONS;MAT-SALES;;3,6;3,6;FOS1;;
17/03/2025;ISSUE;ITM2182;Pate montage Molykote 1000 1kg;142609;MATUSETRANS;-1;FOS1;;;;;;;WO1899275;;MA;MAT-SALES;;83;83;FOS1;;
17/03/2025;ISSUE;ITM2047;A00081805-Joint 1 module chargeur batterie D53088;142610;MATUSETRANS;-2;FOS1;;;;;;;WO1899275;SmallPart;MA;MAT-SALES;;9,61;19,22;FOS1;;
17/03/2025;ISSUE;13808;Kohleschleifstück SK1332 SK85 HCCS-C (D/SE/NOR);142559;MATUSETRANS;-2;SHA1;;;;;;;WO1960392;SparePart;FB;CM-FS;;314,3;628,6;SHA1;241-007;NEW
17/03/2025;ISSUE;42819;Steg für Wippe;142560;MATUSETRANS;-2;SHA1;;;;;;;WO1960392;SparePart;BG;CM-FS;;113;226;SHA1;241-007;NEW
17/03/2025;ISSUE;54768;Cadre filtre VT-SM (Rechargeable), SF-Filtre;142611;MATUSETRANS;-1;FOS1;;;;;;;WO1956865;SparePart;ZZ;PM-FS;;50,55;50,55;FOS1;BB27142;NEW
17/03/2025;ISSUE;42820;Drehteil für Wippe;142561;MATUSETRANS;-4;SHA1;;;;;;;WO1960392;SparePart;BG;CM-FS;;4,9;19,6;SHA1;241-007;NEW
17/03/2025;ISSUE;55654;Kit de revision Vanne de purge VN(PU)SR(AUX) , AVENTICS/EMERSON;142612;MATUSETRANS;-1;FOS1;;;;;;;WO1956865;SparePart;QA;PM-FS;;103,83;103,83;FOS1;BB27142;NEW
17/03/2025;ISSUE;ITM4543;Kit visserie Chasse Pierre / BB27000;142613;MATUSETRANS;-2;FOS1;;;;;;;WO1956865;SmallPart;TECH-TOOL;PM-FS;;0;0;FOS1;BB27142;NEW
17/03/2025;ISSUE;ITM1854;3452173-Rondelle L 16;142614;MATUSETRANS;-33;FOS1;;;;;;;WO1956865;SmallPart;MA;PM-FS;;0,62;20,46;FOS1;BB27142;NEW
17/03/2025;ISSUE;ITM1764;3520388-Rondelle TREP 3L16 Acier;142615;MATUSETRANS;-33;FOS1;;;;;;;WO1956865;;MA;PM-FS;;1,49;49,17;FOS1;BB27142;NEW
17/03/2025;ISSUE;ITM2094;3968608-Vis tête H ISO 4017 M 16-45;142616;MATUSETRANS;-13;FOS1;;;;;;;WO1956865;;MA;PM-FS;;0,95;12,35;FOS1;BB27142;NEW
17/03/2025;ISSUE;3639945;Vis H M16-40;142617;MATUSETRANS;-20;FOS1;;;;;;;WO1956865;;TECH-STAP;PM-FS;;0,79;15,8;FOS1;BB27142;NEW
17/03/2025;ISSUE;8184313;Rondelle M 12;142618;MATUSETRANS;-33;FOS1;;;;;;;WO1956865;;MA;PM-FS;;0,06;1,98;FOS1;BB27142;NEW
17/03/2025;TRANSFER;27429;Luftfilter für Klimagerät G4/EN779;226293;MATRECTRANS;113;PPO1;Lager;PPO1;PPO10000P1;;;;;SparePart;LC;;;9,7;1096,1;PPO1;;
17/03/2025;ISSUE;ITM1988;1558587-Rondelle CS 12-27-1.8;142619;MATUSETRANS;-33;FOS1;;;;;;;WO1956865;SmallPart;MA;PM-FS;;0,08;2,64;FOS1;BB27142;NEW
17/03/2025;TRANSFER;ITM4396;4mm² (N)HXAF 600/1000V GNYE, Nexans Kabel;226294;MATRECTRANS;50;PPO1;1B4;PPO1;PPO10000P2;;;;;SparePart;UA;;;1,5;75;PPO1;;
17/03/2025;TRANSFER;ITM4396;4mm² (N)HXAF 600/1000V GNYE, Nexans Kabel;226295;MATRECTRANS;50;PPO1;1B4;PPO1;PPO10000P2;;;;;SparePart;UA;;;6,51;325,5;PPO1;;
17/03/2025;ISSUE;ITM2041;A00065502-Joint liaison capot (joint capot/caisse) D50762;142620;MATUSETRANS;-1;FOS1;;;;;;;WO1927009;SparePart;MA;REVI-SO;;354,62;354,62;FOS1;BB27136;
17/03/2025;ISSUE;ITM2041;A00065502-Joint liaison capot (joint capot/caisse) D50762;142622;MATUSETRANS;-1;FOS1;;;;;;;WO1927009;SparePart;MA;REVI-SO;;368,48;368,48;FOS1;BB27136;
17/03/2025;ISSUE;ITM2105;3442765-Attaches de câbles Panduit® Pan-Ty® PLT5H-C0 8,9 x 450;142621;MATUSETRANS;-2;FOS1;;;;;;;WO1927009;;MA;REVI-SO;;0,24;0,48;FOS1;BB27136;
17/03/2025;TRANSFER;14983;SE-Gerät TFZ21-945-51;225927;MATRECTRANS;1;DKR1;;DKR1;DKR1E14210;;;;;SparePart;JF;;REPAIRED;462,98;462,98;;;
17/03/2025;TRANSFER;13136;EBICAB PZB Fahrzeugmagnet 5205000 (GTB);226296;MATRECTRANS;1;PPO1;Reserviert 186-267;PPO1;PPO10000P4;;;41740;;SparePart;JE;;REPAIRED;443,87;443,87;PPO1;;
17/03/2025;TRANSFER;13136;EBICAB PZB Fahrzeugmagnet 5205000 (GTB);226297;MATRECTRANS;1;PPO1;Reserviert 186-360;PPO1;PPO10000P2;;;41740;;SparePart;JE;;REPAIRED;782;782;PPO1;;
17/03/2025;ISSUE;ITM4587;Battery Odyssey PC 925 for DPM;142623;MATUSETRANS;-4;SHA1;;;;SIE-HAL;;41717;WO1955672;SparePart;EA;PM-FS;;203;812;SHA1;243-106;NEW
17/03/2025;ISSUE;ITM2459;Interchangeable fuel filter;142624;MATUSETRANS;-1;SHA1;;;;SIE-HAL;;41717;WO1955672;SparePart;QC;PM-FS;;39,5;39,5;SHA1;243-106;NEW
17/03/2025;ISSUE;ITM2465;Prefilter spin-on fuel filter;142625;MATUSETRANS;-1;SHA1;;;;SIE-HAL;;41717;WO1955672;SparePart;QC;PM-FS;;85,23;85,23;SHA1;243-106;NEW
17/03/2025;ISSUE;ITM2468;Oil separator interchangeable element for DPM;142626;MATUSETRANS;-1;SHA1;;;;SIE-HAL;;41717;WO1955672;SparePart;QC;PM-FS;;108,6;108,6;SHA1;243-106;NEW
17/03/2025;ISSUE;ITM3506;O-ring for charge air pipe;142627;MATUSETRANS;-1;SHA1;;;;SIE-HAL;;41717;WO1955672;SparePart;EA;PM-FS;;5,39;5,39;SHA1;243-106;NEW
17/03/2025;ISSUE;ITM2467;Oil Filter Cartridge;142628;MATUSETRANS;-1;SHA1;;;;SIE-HAL;;41717;WO1955672;SparePart;QC;PM-FS;;32,54;32,54;SHA1;243-106;NEW
17/03/2025;ISSUE;ITM3488;Gasket Exhaust Pipe Dpf;142629;MATUSETRANS;-2;SHA1;;;;SIE-HAL;;41717;WO1955672;SparePart;TECH-STAP;PM-FS;;70,26;140,52;SHA1;243-106;NEW
17/03/2025;ISSUE;ITM3500;Sealing Camshaft HSG-Cover;142630;MATUSETRANS;-1;SHA1;;;;SIE-HAL;;41717;WO1955672;SparePart;EA;PM-FS;;25,08;25,08;SHA1;243-106;NEW
17/03/2025;ISSUE;ITM3960;Analysenset 2 (schwarz), Diesel/ Benzinmotor Getriebe;142631;MATUSETRANS;-1;SHA1;;;;SIE-HAL;;41717;WO1955672;SparePart;TECH-TOOL;PM-FS;;63,6;63,6;SHA1;243-106;NEW
17/03/2025;ISSUE;ITM3497;SMO Filter Set 100x100;142632;MATUSETRANS;-1;SHA1;;;;SIE-HAL;;41717;WO1955672;SparePart;EA;PM-FS;;32,2;32,2;SHA1;243-106;NEW
17/03/2025;ISSUE;ITM3496;SMO Filter Outlet;142633;MATUSETRANS;-1;SHA1;;;;SIE-HAL;;41717;WO1955672;SparePart;EA;PM-FS;;36,2;36,2;SHA1;243-106;NEW
17/03/2025;ISSUE;ITM3489;Filter Fleece, Fan;142634;MATUSETRANS;-1;SHA1;;;;SIE-HAL;;41717;WO1955672;SparePart;EA;PM-FS;;1,46;1,46;SHA1;243-106;NEW
17/03/2025;TRANSFER;13290;Fahrersitz Modell 738.47, Möve;226298;MATRECTRANS;1;PPO1;Reserviert 189-154;PPO1;PPO10000P4;;;41742;;SparePart;DC;;REPAIRED;1215;1215;PPO1;;
17/03/2025;ISSUE;ITM3695;Drehzahlsensor, Ersatzteil, A2V00002951307;142635;MATUSETRANS;-1;SHA1;;;;ORT1041;;41715;WO1955446;SparePart;GE;PM-FS;;313,79;313,79;SHA1;243-123;NEW
17/03/2025;ISSUE;ITM4800;O-Ring Ring, 103,1 x 93 x 8 mm für Kraftstofffilter DPM;142636;MATUSETRANS;-1;SHA1;;;;ORT1041;;41715;WO1955446;SparePart;TECH-STAP;PM-FS;;5,07;5,07;SHA1;243-123;NEW
17/03/2025;ISSUE;ITM4786;O-Ring 12,5 x 18,5 x 3 für Kraftstofffilter DPM;142637;MATUSETRANS;-1;SHA1;;;;ORT1041;;41715;WO1955446;SparePart;TECH-STAP;PM-FS;;2,38;2,38;SHA1;243-123;NEW
17/03/2025;ISSUE;ITM2452;Coolant SMO Cool Antifreeze -40 °C (O39);142638;MATUSETRANS;-1;SHA1;;;;ORT1041;;41715;WO1955446;Lubricant;TECH-CONS;PM-FS;;31,5;31,5;SHA1;243-123;NEW
17/03/2025;ISSUE;ITM2467;Oil Filter Cartridge;142639;MATUSETRANS;-1;SHA1;;;;ORT1041;;41715;WO1955446;SparePart;QC;PM-FS;;32,54;32,54;SHA1;243-123;NEW
17/03/2025;ISSUE;ITM2465;Prefilter spin-on fuel filter;142640;MATUSETRANS;-1;SHA1;;;;ORT1041;;41715;WO1955446;SparePart;QC;PM-FS;;85,23;85,23;SHA1;243-123;NEW
17/03/2025;ISSUE;ITM2459;Interchangeable fuel filter;142641;MATUSETRANS;-1;SHA1;;;;ORT1041;;41715;WO1955446;SparePart;QC;PM-FS;;39,5;39,5;SHA1;243-123;NEW
17/03/2025;ISSUE;13290;Fahrersitz Modell 738.47, Möve;142571;MATUSETRANS;-1;DKR1;;;;ORT1081;;41737;WO1963860;SparePart;DC;CM-FS;;1751,36;1751,36;DKR1;189-152;NEW
17/03/2025;ISSUE;14903;Wischerarm 3 398 104 645, Bosch;142572;MATUSETRANS;-1;DKR1;;;;ORT1081;;41737;WO1963860;SparePart;JG;CM-FS;;119;119;DKR1;189-152;NEW
17/03/2025;ISSUE;12733;wiper blade NKW 650mm;142573;MATUSETRANS;-2;DKR1;;;;ORT1081;;41737;WO1963860;SparePart;JG;CM-FS;;12,71;25,42;DKR1;189-152;NEW
17/03/2025;ISSUE;41915;MODULE PALIX 2+1R-2KV NG (PMCF 1);142642;MATUSETRANS;-1;FOS1;;;;ORT1576;;41739;WO1960080;SparePart;FD;CM-FS_ADD;;3010;3010;FOS1;BB27118;NEW
17/03/2025;TRANSFER;ITM4310;Elektro-Mechanik Modul EM2, A2V00001452506, STN29273;226299;MATRECTRANS;1;PPO1;Reserviert 189-159;PPO1;PPO1000EIN;;;41743;;SparePart;GC;;NEW;49246;49246;PPO1;;
17/03/2025;TRANSFER;30991;Wippe DSA200.600.07;226300;MATRECTRANS;1;PPO1;Lager;PPO1;PPO10000P3;;;41743;;SparePart;BG;;NEW;4529;4529;PPO1;;
17/03/2025;TRANSFER;55009;Mittelflanschpuffer CP 1000 mit Combigard R 105;226302;MATRECTRANS;1;PPO1;PPO1RESERV;PPO1;PPO10000P5;;;41743;;SparePart;SD;;NEW;4649,85;4649,85;PPO1;;
17/03/2025;TRANSFER;55009;Mittelflanschpuffer CP 1000 mit Combigard R 105;226303;MATRECTRANS;1;PPO1;PPO1RESERV;PPO1;PPO10000P5;;;41743;;SparePart;SD;;NEW;4649,85;4649,85;PPO1;;
17/03/2025;TRANSFER;55009;Mittelflanschpuffer CP 1000 mit Combigard R 105;226304;MATRECTRANS;1;PPO1;PPO1RESERV;PPO1;PPO10000P5;;;41743;;SparePart;SD;;NEW;4649,85;4649,85;PPO1;;
17/03/2025;TRANSFER;55009;Mittelflanschpuffer CP 1000 mit Combigard R 105;226305;MATRECTRANS;1;PPO1;PPO1RESERV;PPO1;PPO10000P5;;;41743;;SparePart;SD;;NEW;4649,85;4649,85;PPO1;;
17/03/2025;TRANSFER;17029;Erdtrenner 6-polig SPR 03.04/6-S-1/1 (Type R7657);226306;MATRECTRANS;1;PPO1;4A1;PPO1;PPO10000P4;;;41745;;SparePart;FA;;REPAIRED;1250;1250;PPO1;;
17/03/2025;ISSUE;12649;Wiper arm 700mm right + left;142575;MATUSETRANS;-1;DKR1;;;;;;;WO1963860;SparePart;JG;CM-FS;;170,87;170,87;DKR1;189-152;NEW
17/03/2025;TRANSFER;15369;IKAR Sicherungsset SWEETY - Set 02, Ikar;225928;MATRECTRANS;1;XKS4;Wielgosz, Karolina;XKS4;zur Prüfung/Kalibrierung;;;41746;;;TECH-TOOL;;;0;0;PPO1;;
17/03/2025;TRANSFER;15369;IKAR Sicherungsset SWEETY - Set 02, Ikar;225929;MATRECTRANS;1;XKS4;DKS1W00EIN;XKS4;zur Prüfung/Kalibrierung;;;41748;;;TECH-TOOL;;;0;0;DKS4;;
17/03/2025;TRANSFER;44428;Verbindungsmittel BFD 1,5m, Wemag;225930;MATRECTRANS;1;XKS4;;XKS4;zur Prüfung/Kalibrierung;;;41749;;;TECH-TOOL;;;0;0;DKS1;;
17/03/2025;ISSUE;12653;Kohleschleifstück SK1073C SK85ACu (NL, CZ) mit 15°-Enden;142373;MATUSETRANS;-4;JANUSZ.JANOWSKI-ST;;;;ORT1305;;41741;WO1966618;SparePart;FB;CM-FS;;552,62;2210,48;JANUSZ.JANOWSKI-ST;186-371;NEW
17/03/2025;TRANSFER;12652;Thermofach HKF 0340;225931;MATRECTRANS;1;DKS1;;DKS1;DKS1B01303;;;;;SparePart;DF;;REPAIRED;246,25;246,25;;;
17/03/2025;ISSUE;27456;Filtermatte FM Viledon P15 195x170mm;142499;MATUSETRANS;-4;HKO1;;;;;;;WO1925533;SparePart;QA;PM-FS;;1,1;4,4;HKO1;285-106;NEW
17/03/2025;RECEIPT;14283;Stützisolator KIT 2-G01.12698;225932;MATRECTRANS;10;DKR1;;DKR1;DKR1A15102;;PO70509;;;SparePart;FB;;;454;4540;;;
17/03/2025;TRANSFER;55928;Druckmessgerät D=80, 10bar , WIKA;226307;MATRECTRANS;1;PPO1;;PPO1;2A2;;;;;SparePart;JB;;;0;0;PPO1;;
17/03/2025;TRANSFER;13723;Steckplatte EB02A;226308;MATRECTRANS;1;PPO1;PPO1RESERV;PPO1;4C3;;;41750;;SparePart;TE;;NEW;1139;1139;PPO1;;
17/03/2025;TRANSFER;13923;MITRAC DCU-Modul Drive Control Unit DCC 2480H;225933;MATRECTRANS;1;DKS1;;DKS1;DKS1F01104;;;;;SparePart;JA;;REPAIRED;0;0;;;
17/03/2025;ISSUE;31349;Ejecteur type LEB, Faiveley;142374;MATUSETRANS;-1;FRD1;;;;;;;WO1963838;SparePart;MC;CM-FS;;320;320;FRD1;BB27161;NEW
17/03/2025;TRANSFER;14448;Relaisplatine GI8.1_A3;226309;MATRECTRANS;1;PPO1;;PPO1;B3;;;41751;;SparePart;FA;;NEW;854,19;854,19;VZL1;;
17/03/2025;SHIPRECEIPT;30208;"gerade Steckverbindung""blaue Serie"", Schlauch-Außen-Ø6";225934;MATRECTRANS;10;PPO1;DKS1I42408;PPO1;1A2;;;41173;;SparePart;QE;;;3,92;39,2;DKS1;;
17/03/2025;TRANSFER;ITM4605;Frontscheibe 200 re., A2V00001846882;225935;MATRECTRANS;1;SHA1;SHA1S42100;SHA1;SHA1S22101;;;;;SparePart;CB;;;5168,1;5168,1;SHA1;;
17/03/2025;TRANSFER;ITM4619;Frontscheibe 200 li., A2V00001845312;225936;MATRECTRANS;1;SHA1;SHA1S42100;SHA1;SHA1S22101;;;;;SparePart;CB;;;5168,1;5168,1;SHA1;;
17/03/2025;TRANSFER;30006;Netzsimulator Willtek 4202R;225937;MATRECTRANS;1;DKS1;Mestec;DKS1;;;;41755;;;TECH-TOOL;;;0;0;XKS4;;
17/03/2025;TRANSFER;15369;IKAR Sicherungsset SWEETY - Set 02, Ikar;225938;MATRECTRANS;1;DKS1;zur Prüfung/Kalibrierung;DKS1;DKS1L01002;;;41754;;;TECH-TOOL;;;0;0;XKS4;;
17/03/2025;TRANSFER;15369;IKAR Sicherungsset SWEETY - Set 02, Ikar;225939;MATRECTRANS;1;DKS1;zur Prüfung/Kalibrierung;DKS1;DKS1L01002;;;41754;;;TECH-TOOL;;;0;0;XKS4;;
17/03/2025;TRANSFER;15369;IKAR Sicherungsset SWEETY - Set 02, Ikar;225940;MATRECTRANS;1;DKS1;;DKS1;DKS1L01002;;;41754;;;TECH-TOOL;;;0;0;XKS4;;
17/03/2025;TRANSFER;15369;IKAR Sicherungsset SWEETY - Set 02, Ikar;225941;MATRECTRANS;1;DKS1;;DKS1;DKS1L01002;;;41754;;;TECH-TOOL;;;0;0;XKS4;;
17/03/2025;TRANSFER;44428;Verbindungsmittel BFD 1,5m, Wemag;225942;MATRECTRANS;1;DKS1;zur Prüfung/Kalibrierung;DKS1;DKS1L01002;;;41754;;;TECH-TOOL;;;0;0;XKS4;;
17/03/2025;TRANSFER;44428;Verbindungsmittel BFD 1,5m, Wemag;225943;MATRECTRANS;1;DKS1;;DKS1;DKS1L01002;;;41754;;;TECH-TOOL;;;0;0;XKS4;;
17/03/2025;TRANSFER;44428;Verbindungsmittel BFD 1,5m, Wemag;225944;MATRECTRANS;1;DKS1;;DKS1;DKS1L01002;;;41754;;;TECH-TOOL;;;0;0;XKS4;;
17/03/2025;TRANSFER;44428;Verbindungsmittel BFD 1,5m, Wemag;225945;MATRECTRANS;1;DKS1;;DKS1;DKS1L01002;;;41754;;;TECH-TOOL;;;0;0;XKS4;;
17/03/2025;RECEIPT;ITM1782;Stützisolator;225947;MATRECTRANS;3;DKS1;;DKS1;DKS1000EIN;;PO70626;;;SparePart;FB;;;492;1476;;;
17/03/2025;TRANSFER;43557;ALIMENTATION 1/2-24 , ALSTOM;226310;MATRECTRANS;1;FOS1;;FOS1;;;;;;SparePart;ZZ;;;0;0;;;
17/03/2025;ISSUE;43557;ALIMENTATION 1/2-24 , ALSTOM;142375;MATUSETRANS;-1;FOS1;;;;;;;WO1960398;SparePart;ZZ;CM-FS;;0;0;FOS1;BB27113;NEW
17/03/2025;RECEIPT;ITM2093;3889446-Vis H M16-70;225948;MATRECTRANS;25;FOS1;;FOS1;FOS1I04104;;PO73189;;;SmallPart;MA;;;0,62;15,5;;;
17/03/2025;RECEIPT;ITM5256;Rondelle M10 I7093 FLZNNC R PLATE 200HV;225949;MATRECTRANS;1600;FOS1;;FOS1;FOS1B03002;;PO73189;;;SmallPart;MA;;;0,09;144;;;
17/03/2025;RECEIPT;ITM2093;3889446-Vis H M16-70;225951;MATRECTRANS;375;FOS1;;FOS1;FOS1B03002;;PO73189;;;SmallPart;MA;;;0,62;232,5;;;
17/03/2025;VOIDRECEIPT;30121;LIM ACI 12CS08C-V0020, Lokschutz BR187;225952;MATRECTRANS;-2;DKS1;;DKS1;;;PO70626;;;SparePart;JA;;;15600;-31200;;;
17/03/2025;RECEIPT;3650559;Rondelle CS 14-30-2.4;225954;MATRECTRANS;250;FOS1;;FOS1;FOS1I05106;;PO73332;;;SmallPart;TECH-STAP;;;0,15;37,5;;;
17/03/2025;RECEIPT;3650559;Rondelle CS 14-30-2.4;225955;MATRECTRANS;1600;FOS1;;FOS1;FOS1C01003;;PO73332;;;SmallPart;TECH-STAP;;;0,15;240;;;
17/03/2025;ISSUE;42851;Afficheur IHM radio;142376;MATUSETRANS;-1;EDE1;;;;;;;WO1960397;SparePart;JF;CM-FS_ADD;;1565;1565;EDE1;BB27113;NEW
17/03/2025;VOIDRECEIPT;30121;LIM ACI 12CS08C-V0020, Lokschutz BR187;225956;MATRECTRANS;-2;DKS1;;DKS1;;;PO70626;;;SparePart;JA;;;15600;-31200;;;
17/03/2025;STAGETRANSFER;29916;Ladegerät für Akku Schrauber;225958;MATRECTRANS;1;DKS1;DKS1L01002;DKS1;DKS1L01002;;;41752;;;TECH-TOOL;;;0;0;DKS1;;
17/03/2025;STAGETRANSFER;29916;Ladegerät für Akku Schrauber;225959;MATRECTRANS;1;DKS1;DKS1L01002;DKS1;DKS1L01002;;;41752;;;TECH-TOOL;;;0;0;DKS1;;
17/03/2025;STAGETRANSFER;29866;"Drehmomentschlüssel 1/2"", 60-300 Nm, Gedore";225960;MATRECTRANS;1;DKS1;DKS1L01002;DKS1;DKS1L01002;;;41752;;;TECH-TOOL;;;0;0;DKS1;;
17/03/2025;STAGETRANSFER;29857;"Drehmomentschlüssel 1/2"", 20-100 Nm, Gedore";225961;MATRECTRANS;1;DKS1;DKS1L01002;DKS1;DKS1L01002;;;41752;;;TECH-TOOL;;;0;0;DKS1;;
17/03/2025;STAGETRANSFER;29871;Drehmomentschlüssel 14x18mm, 80-400 Nm, Gedore;225962;MATRECTRANS;1;DKS1;DKS1L01002;DKS1;DKS1L01002;;;41752;;;TECH-TOOL;;;0;0;DKS1;;
17/03/2025;STAGETRANSFER;30362;Drehmomentschlüssel 40-200NM;225963;MATRECTRANS;1;DKS1;DKS1L01002;DKS1;DKS1L01002;;;41752;;;TECH-TOOL;;;0;0;DKS1;;
17/03/2025;STAGETRANSFER;29867;"Hazet Drehmomentschlüssel 5123-3CT 60-320NM 1/2"""", Hazet, Wemag";225964;MATRECTRANS;1;DKS1;DKS1L01002;DKS1;DKS1L01002;;;41752;;;TECH-TOOL;;;0;0;DKS1;;
17/03/2025;STAGETRANSFER;44415;"Hazet Drehmomentschlüssel 5110-3CT 10-60NM 3/8"""", Hazet, Wemag";225965;MATRECTRANS;1;DKS1;DKS1L01002;DKS1;DKS1L01002;;;41752;;;TECH-TOOL;;;0;0;DKS1;;
17/03/2025;STAGETRANSFER;TL56995;"Drehmomentschlüssel 6108-1CT 2- 10Nm 1/4""Hazet";225966;MATRECTRANS;1;DKS1;DKS1L01002;DKS1;DKS1L01002;;;41752;;;TECH-TOOL;;;0;0;DKS1;;
17/03/2025;STAGETRANSFER;TL56995;"Drehmomentschlüssel 6108-1CT 2- 10Nm 1/4""Hazet";225967;MATRECTRANS;1;DKS1;DKS1L01002;DKS1;DKS1L01002;;;41752;;;TECH-TOOL;;;0;0;DKS1;;
17/03/2025;STAGETRANSFER;29879;Präzisions-Fühlerlehre 21Bl 0,05-2,0 mm FORMAT;225968;MATRECTRANS;1;DKS1;DKS1L01002;DKS1;DKS1L01002;;;41752;;;TECH-TOOL;;;0;0;DKS1;;
17/03/2025;STAGETRANSFER;29881;Innenschnelltaster 15-65mm;225969;MATRECTRANS;1;DKS1;DKS1L01002;DKS1;DKS1L01002;;;41752;;;TECH-TOOL;;;0;0;DKS1;;
17/03/2025;STAGETRANSFER;44425;Akku-Ladegerät DC18RC, Makita, Wemag;225970;MATRECTRANS;1;DKS1;DKS1L01002;DKS1;DKS1L01002;;;41752;;;TECH-TOOL;;;0;0;DKS1;;
17/03/2025;STAGETRANSFER;29973;Lötkolben;225971;MATRECTRANS;1;DKS1;DKS1L01002;DKS1;DKS1L01002;;;41752;;;TECH-TOOL;;;0;0;DKS1;;
17/03/2025;STAGETRANSFER;29890;Messschieber 300mm;225972;MATRECTRANS;1;DKS1;DKS1L01002;DKS1;DKS1L01002;;;41752;;;TECH-TOOL;;;0;0;DKS1;;
17/03/2025;STAGETRANSFER;29888;Messschieber 200mm (analog/digital);225973;MATRECTRANS;1;DKS1;DKS1L01002;DKS1;DKS1L01002;;;41752;;;TECH-TOOL;;;0;0;DKS1;;
17/03/2025;STAGETRANSFER;42208;Taschenmessschieber m.Feststellschraube 150 mm, Format, Wemag;225974;MATRECTRANS;1;DKS1;DKS1L01002;DKS1;DKS1L01002;;;41752;;;TECH-TOOL;;;0;0;DKS1;;
17/03/2025;STAGETRANSFER;14053;Messgerät für den Abstand der inneren Radkranzstirnflächen, DB Systemtechnik Minden;225975;MATRECTRANS;1;DKS1;DKS1L01002;DKS1;DKS1L01002;;;41752;;;TECH-TOOL;;;0;0;DKS1;;
17/03/2025;STAGETRANSFER;29896;Messgerät für den Raddurchmesser (Messbereich 680 - 1260), DB Systemtechnik Minden;225976;MATRECTRANS;1;DKS1;DKS1L01002;DKS1;DKS1L01002;;;41752;;;TECH-TOOL;;;0;0;DKS1;;
17/03/2025;STAGETRANSFER;29896;Messgerät für den Raddurchmesser (Messbereich 680 - 1260), DB Systemtechnik Minden;225977;MATRECTRANS;1;DKS1;DKS1L01002;DKS1;DKS1L01002;;;41752;;;TECH-TOOL;;;0;0;DKS1;;
17/03/2025;STAGETRANSFER;29899;Messgerät für Spurkranzdicke, -höhe und qR-Maß (mit Anschlagbacke), DB Systemtechnik Minden;225978;MATRECTRANS;1;DKS1;DKS1L01002;DKS1;DKS1L01002;;;41752;;;TECH-TOOL;;;0;0;DKS1;;
17/03/2025;STAGETRANSFER;29962;Kabeltrommel 40m - 50m;225979;MATRECTRANS;1;DKS1;DKS1L01002;DKS1;DKS1L01002;;;41752;;;TECH-TOOL;;;0;0;DKS1;;
17/03/2025;STAGETRANSFER;30032;Staubsauger;225980;MATRECTRANS;1;DKS1;DKS1L01002;DKS1;DKS1L01002;;;41752;;;TECH-TOOL;;;0;0;DKS1;;
17/03/2025;STAGETRANSFER;44419;STEINEL Heißluftgebläse HG 2120 E in Faltschachtel, Steinelt, Wemag;225981;MATRECTRANS;1;DKS1;DKS1L01002;DKS1;DKS1L01002;;;41752;;;TECH-TOOL;;;0;0;DKS1;;
17/03/2025;STAGETRANSFER;29906;Tiefenmessschieber mit Messstift 200 mm, Format, Wemag;225982;MATRECTRANS;1;DKS1;DKS1L01002;DKS1;DKS1L01002;;;41752;;;TECH-TOOL;;;0;0;DKS1;;
17/03/2025;STAGETRANSFER;29906;Tiefenmessschieber mit Messstift 200 mm, Format, Wemag;225983;MATRECTRANS;1;DKS1;DKS1L01002;DKS1;DKS1L01002;;;41752;;;TECH-TOOL;;;0;0;DKS1;;
17/03/2025;STAGETRANSFER;29906;Tiefenmessschieber mit Messstift 200 mm, Format, Wemag;225984;MATRECTRANS;1;DKS1;DKS1L01002;DKS1;DKS1L01002;;;41752;;;TECH-TOOL;;;0;0;DKS1;;
17/03/2025;STAGETRANSFER;29912;Zugfederwaage Macro 200N, Pesola, Wemag;225985;MATRECTRANS;1;DKS1;DKS1L01002;DKS1;DKS1L01002;;;41752;;;TECH-TOOL;;;0;0;DKS1;;
17/03/2025;STAGETRANSFER;29878;Fühlerlehrensatz 0,05-1,00mm;225986;MATRECTRANS;1;DKS1;DKS1L01002;DKS1;DKS1L01002;;;41752;;;TECH-TOOL;;;0;0;DKS1;;
17/03/2025;STAGETRANSFER;29973;Lötkolben;225987;MATRECTRANS;1;DKS1;DKS1L01002;DKS1;DKS1L01002;;;41752;;;TECH-TOOL;;;0;0;DKS1;;
17/03/2025;STAGETRANSFER;15369;IKAR Sicherungsset SWEETY - Set 02, Ikar;225988;MATRECTRANS;1;DKS1;DKS1L01002;DKS1;DKS1L01002;;;41752;;;TECH-TOOL;;;0;0;DKS1;;
17/03/2025;STAGETRANSFER;44428;Verbindungsmittel BFD 1,5m, Wemag;225989;MATRECTRANS;1;DKS1;DKS1L01002;DKS1;DKS1L01002;;;41752;;;TECH-TOOL;;;0;0;DKS1;;
17/03/2025;STAGETRANSFER;15369;IKAR Sicherungsset SWEETY - Set 02, Ikar;225990;MATRECTRANS;1;DKS1;DKS1L01002;DKS1;DKS1L01002;;;41752;;;TECH-TOOL;;;0;0;DKS1;;
17/03/2025;STAGETRANSFER;44428;Verbindungsmittel BFD 1,5m, Wemag;225991;MATRECTRANS;1;DKS1;DKS1L01002;DKS1;DKS1L01002;;;41752;;;TECH-TOOL;;;0;0;DKS1;;
17/03/2025;STAGETRANSFER;15369;IKAR Sicherungsset SWEETY - Set 02, Ikar;225992;MATRECTRANS;1;DKS1;DKS1L01002;DKS1;DKS1L01002;;;41752;;;TECH-TOOL;;;0;0;DKS1;;
17/03/2025;STAGETRANSFER;44428;Verbindungsmittel BFD 1,5m, Wemag;225993;MATRECTRANS;1;DKS1;DKS1L01002;DKS1;DKS1L01002;;;41752;;;TECH-TOOL;;;0;0;DKS1;;
17/03/2025;ISSUE;29200;Bedienfeld Zug/Bremskraft;142377;MATUSETRANS;-1;DTE;;;;INTHEFIELD;;41758;WO1967074;SparePart;GC;CM-FS;;2462,3;2462,3;DTE;187-504;NEW
17/03/2025;TRANSFER;30121;LIM ACI 12CS08C-V0020, Lokschutz BR187;225994;MATRECTRANS;1;DKS1;;DKS1;DKS1000EIN;;PO70626;;;SparePart;JA;;NEW;15600;0;;;
17/03/2025;TRANSFER;30121;LIM ACI 12CS08C-V0020, Lokschutz BR187;225995;MATRECTRANS;1;DKS1;;DKS1;DKS1000EIN;;PO70626;;;SparePart;JA;;NEW;15600;0;;;
17/03/2025;TRANSFER;30121;LIM ACI 12CS08C-V0020, Lokschutz BR187;225996;MATRECTRANS;2;DKS1;;DKS1;DKS1000EIN;;PO70626;;;SparePart;JA;;;15600;31200;AKM;;
17/03/2025;ISSUE;41964;CONSOLE CONFIGUREE 2U;142378;MATUSETRANS;-1;FRD1;;;;;;;WO1960388;SparePart;GC;CM-FS_ADD;;2074;2074;FRD1;BB27160;NEW
17/03/2025;TRANSFER;30121;LIM ACI 12CS08C-V0020, Lokschutz BR187;225997;MATRECTRANS;1;DKS1;DKS1000EIN;DKS1;DKS1F01102;;;41759;;SparePart;JA;;NEW;15600;15600;DKS1;;
17/03/2025;RECEIPT;TL57315;Füllmeister FGZ Plus 50 Mobil;225998;MATRECTRANS;2;IAS1;;IAS1;Pool Asti;;PO70456;;;;TECH-TOOL;;;475;950;;;
17/03/2025;RECEIPT;43195;CFY256-HR Pretec, 256MB, Compact Flash Card Typ I, Lynx Controller, -40° bis +85°C;225999;MATRECTRANS;10;DKR1;;DKR1;DKR1E23104;;PO70780;;;SparePart;JE;;;25,2;252;;;
17/03/2025;ISSUE;41964;CONSOLE CONFIGUREE 2U;142379;MATUSETRANS;-1;FRD1;;;;;;;WO1963839;SparePart;GC;CM-FS_ADD;;1800;1800;FRD1;BB27160;NEW
17/03/2025;TRANSFER;41969;MANIPULATEUR FREIN DIRECT;226311;MATRECTRANS;1;FHIO1;;FHIO1;;;;;;SparePart;RB;;;0;0;;;
17/03/2025;RECEIPT;29138;Einstiegsleiter;226000;MATRECTRANS;2;DKS1;;DKS1;DKS1000EIN;;PO70626;;;SparePart;ND;;;1810;3620;;;
17/03/2025;ISSUE;41915;MODULE PALIX 2+1R-2KV NG (PMCF 1);142380;MATUSETRANS;-1;EDE1;;;;;;;WO1960395;SparePart;FD;CM-FS_ADD;;3010;3010;EDE1;BB27152;NEW
17/03/2025;TRANSFER;41969;MANIPULATEUR FREIN DIRECT;226312;MATRECTRANS;1;FHIO1;;FHIO1;;;;;;SparePart;RB;;REPAIRED;0;0;;;
17/03/2025;TRANSFER;43510;Dégraissant KL9H bidon de 20 LITRES, Molydal;226313;MATRECTRANS;20;EDE1;Lubricant Storage;EDE1;EXT_Thionville;;;41726;;Lubricant;TECH-CONS;;;3,01;60,2;FOS1;;
17/03/2025;TRANSFER;55448;Filtre à air caisson évaporateur, SF-FILTRES;226314;MATRECTRANS;4;EDE1;FOS1B02001;EDE1;EXT_Thionville;;;41726;;SparePart;HE;;;22,17;88,68;FOS1;;
17/03/2025;TRANSFER;42134;FILTRE CU1/140X140X12G3, SF- FILTRES;226315;MATRECTRANS;2;EDE1;FOS1F02003;EDE1;EXT_Thionville;;;41726;;SparePart;MA;;;12,38;24,76;FOS1;;
17/03/2025;TRANSFER;42291;Wiper blade 650mm/ BALAI ESSUIE VITRE LG.650;226316;MATRECTRANS;2;EDE1;FOS1H04503;EDE1;EXT_Thionville;;;41726;;SparePart;JG;;;123,41;246,82;FOS1;;
17/03/2025;TRANSFER;43274;Graisse LCH500 tampon, molydal;226317;MATRECTRANS;5;EDE1;Lubricant Storage;EDE1;EXT_Thionville;;;41726;;Lubricant;TECH-CONS;;;19,65;98,25;FOS1;;
17/03/2025;TRANSFER;56043;Anderol 3057M bidon de 20 litres, K;226318;MATRECTRANS;10;EDE1;Lubricant Storage;EDE1;EXT_Thionville;;;41726;;Lubricant;TECH-CONS;;;14,03;140,3;FOS1;;
17/03/2025;TRANSFER;56043;Anderol 3057M bidon de 20 litres, K;226319;MATRECTRANS;10;EDE1;Lubricant Storage;EDE1;EXT_Thionville;;;41726;;Lubricant;TECH-CONS;;;14,03;140,3;FOS1;;
17/03/2025;TRANSFER;28822;Boite à pétards inox;226320;MATRECTRANS;2;EDE1;FOS1J02101;EDE1;EXT_Thionville;;;41726;;SparePart;DD;;;147,56;295,12;FOS1;;
17/03/2025;TRANSFER;29003;Petard à griffe, alsetex;226321;MATRECTRANS;1;EDE1;Coffre;EDE1;EXT_Thionville;;;41726;;SparePart;ZZ;;;31,8;31,8;FOS1;;
17/03/2025;TRANSFER;29003;Petard à griffe, alsetex;226322;MATRECTRANS;5;EDE1;Coffre;EDE1;EXT_Thionville;;;41726;;SparePart;ZZ;;;32,45;162,25;FOS1;;
17/03/2025;TRANSFER;29004;Torche flamme rouge 8 minutes, Alsetex;226323;MATRECTRANS;2;EDE1;Coffre;EDE1;EXT_Thionville;;;41726;;SparePart;JD;;;132,67;265,34;FOS1;;
17/03/2025;TRANSFER;31799;Graisse ALPHALUB LGEP2 Schmierfett ALPHALUB LGEP2, SKF;226324;MATRECTRANS;1;EDE1;Armoire 1;EDE1;EXT_Thionville;;;41726;;Lubricant;TECH-CONS;;;18,67;18,67;FOS1;;
17/03/2025;TRANSFER;41999;FEU ROUGE 21 LEDS 72V-110V-COL NOIR, ALSTOM;226325;MATRECTRANS;1;EDE1;FOS1F04305;EDE1;EXT_Thionville;;;41726;;SparePart;MA;;;183;183;FOS1;;
17/03/2025;TRANSFER;41999;FEU ROUGE 21 LEDS 72V-110V-COL NOIR, ALSTOM;226326;MATRECTRANS;1;EDE1;FOS1F04305;EDE1;EXT_Thionville;;;41726;;SparePart;MA;;;183;183;FOS1;;
17/03/2025;TRANSFER;ITM3502;"Filter - 60 MICRONS  DN 15  REF APIC F1013b G1/4"", APIC";226327;MATRECTRANS;1;EDE1;FOS1F02202;EDE1;EXT_Thionville;;;41726;;SparePart;MA;;;7,15;7,15;FOS1;;
17/03/2025;TRANSFER;43498;Brosse de contact;226328;MATRECTRANS;1;EDE1;FOS1A01003;EDE1;EXT_Thionville;;;41726;;SparePart;ZZ;;;645;645;FOS1;;
17/03/2025;TRANSFER;43498;Brosse de contact;226329;MATRECTRANS;1;EDE1;FOS1A01003;EDE1;EXT_Thionville;;;41726;;SparePart;ZZ;;;645;645;FOS1;;
17/03/2025;TRANSFER;16178;Trockenluftfilter C13114/4;226330;MATRECTRANS;1;EDE1;FOS1F01001;EDE1;EXT_Thionville;;;41726;;SparePart;QA;;;16,32;16,32;FOS1;;
17/03/2025;TRANSFER;42337;cartouche filtrante FI-DH, Paker;226331;MATRECTRANS;1;EDE1;FOS1F02103;EDE1;EXT_Thionville;;;41726;;SparePart;ZZ;;;129,9;129,9;FOS1;;
17/03/2025;TRANSFER;ITM3939;Flexible CG 201RF D28 L720;226332;MATRECTRANS;1;EDE1;FOS1B01001;EDE1;EXT_Thionville;;;41726;;SmallPart;MA;;;90,4;90,4;FOS1;;
17/03/2025;TRANSFER;ITM3940;Flexible CP 201RF D28 L720;226333;MATRECTRANS;1;EDE1;FOS1B01004;EDE1;EXT_Thionville;;;41726;;SmallPart;MA;;;98,2;98,2;FOS1;;
17/03/2025;TRANSFER;12808;Nutring/Dichtungsring für Bremskupplungsschläuche - Joint accouplement CP/CG;226334;MATRECTRANS;5;EDE1;FOS1H05303;EDE1;EXT_Thionville;;;41726;;SparePart;RC;;;4,25;21,25;FOS1;;
17/03/2025;TRANSFER;31034;SHELL ENGRENAGE 3470 POLYMER LABEL, SHELL;226335;MATRECTRANS;20;EDE1;Lubricant Storage;EDE1;EXT_Thionville;;;41726;;Lubricant;TECH-CONS;;;13,92;278,4;FOS1;;
17/03/2025;TRANSFER;31074;huile compresseur syntetic SYNTO 100 , FUCHS;226336;MATRECTRANS;5;EDE1;Lubricant Storage;EDE1;EXT_Thionville;;;41726;;Lubricant;TECH-CONS;;;14,12;70,6;FOS1;;
17/03/2025;TRANSFER;ITM4542;Kit visserie Brosse de contact / BB27000;226337;MATRECTRANS;2;EDE1;FOS1G02109;EDE1;EXT_Thionville;;;41726;;SmallPart;TECH-TOOL;;;17,18;34,36;FOS1;;
17/03/2025;TRANSFER;29497;FILTRE D'ASPIRATION compresseur auxiliaire, Faiveley;226338;MATRECTRANS;1;EDE1;FOS1H05108;EDE1;EXT_Thionville;;;41726;;SparePart;ZZ;;;26,9;26,9;FOS1;;
17/03/2025;TRANSFER;56004;Goupille fendue 8 x 80 mm, WURTH;226339;MATRECTRANS;3;EDE1;FOS1H05205;EDE1;EXT_Thionville;;;41726;;SparePart;ZZ;;;0,64;1,92;FOS1;;
17/03/2025;TRANSFER;56004;Goupille fendue 8 x 80 mm, WURTH;226340;MATRECTRANS;8;EDE1;FOS1H05205;EDE1;EXT_Thionville;;;41726;;SparePart;ZZ;;;0,64;5,12;FOS1;;
17/03/2025;TRANSFER;56004;Goupille fendue 8 x 80 mm, WURTH;226341;MATRECTRANS;5;EDE1;FOS1H05205;EDE1;EXT_Thionville;;;41726;;SparePart;ZZ;;;0,64;3,2;FOS1;;
17/03/2025;TRANSFER;30237;Semelle de frein , Faiveley;226342;MATRECTRANS;2;EDE1;FOS1B02001;EDE1;EXT_Thionville;;;41726;;SparePart;RB;;;75,64;151,28;FOS1;;
17/03/2025;TRANSFER;30237;Semelle de frein , Faiveley;226343;MATRECTRANS;2;EDE1;FOS1B02001;EDE1;EXT_Thionville;;;41726;;SparePart;RB;;;75,64;151,28;FOS1;;
17/03/2025;TRANSFER;30237;Semelle de frein , Faiveley;226344;MATRECTRANS;12;EDE1;FOS1B02001;EDE1;EXT_Thionville;;;41726;;SparePart;RB;;;135;1620;FOS1;;
17/03/2025;TRANSFER;28825;Plaque de queue circulaire rouge et blanche;226345;MATRECTRANS;2;EDE1;FOS1J01001;EDE1;EXT_Thionville;;;41726;;SparePart;JD;;;96,68;193,36;FOS1;;
17/03/2025;TRANSFER;28828;Lanterne de bord SNCF Type B1;226346;MATRECTRANS;1;EDE1;FOS1J 01305;EDE1;EXT_Thionville;;;41726;;SparePart;JD;;;191,3;191,3;FOS1;;
17/03/2025;TRANSFER;28828;Lanterne de bord SNCF Type B1;226347;MATRECTRANS;1;EDE1;FOS1J 01305;EDE1;EXT_Thionville;;;41726;;SparePart;JD;;;191,3;191,3;FOS1;;
17/03/2025;TRANSFER;42006;FUSIBLE COUTEAU GG T.2 100A, ALSTOM;226348;MATRECTRANS;1;EDE1;FOS1F04102;EDE1;EXT_Thionville;;;41726;;SparePart;FB;;;22,03;22,03;FOS1;;
17/03/2025;TRANSFER;28829;Pile pour lanterne de bord type B1 (type 6LR20 ou NR625L);226349;MATRECTRANS;2;EDE1;FOS1J01303;EDE1;EXT_Thionville;;;41726;;SparePart;ZZ;;;28,64;57,28;FOS1;;
17/03/2025;TRANSFER;27551;Archet 1500V MIDI (1 950 mm), Faiveley Tours;226350;MATRECTRANS;1;EDE1;FOS1ATELIER;EDE1;EXT_Thionville;;;41726;;SparePart;FB;;;7685,17;7685,17;FOS1;;
17/03/2025;TRANSFER;27551;Archet 1500V MIDI (1 950 mm), Faiveley Tours;226351;MATRECTRANS;1;EDE1;FOS1ATELIER;EDE1;EXT_Thionville;;;41726;;SparePart;FB;;;7685,17;7685,17;FOS1;;
17/03/2025;TRANSFER;29542;Archet carbone 25KV FRET (1600 mm), Faiveley Tours;226352;MATRECTRANS;1;EDE1;FOS1ATELIER;EDE1;EXT_Thionville;;;41726;;SparePart;FB;;NEW;2833,9;2833,9;FOS1;;
17/03/2025;TRANSFER;30974;Shell Fluid EP460 im 50 KG Gebinde 60L, Shell;226353;MATRECTRANS;20;EDE1;lubricant storage;EDE1;EXT_Thionville;;;41726;;Lubricant;TECH-CONS;;;11,97;239,4;FOS1;;
17/03/2025;TRANSFER;31034;SHELL ENGRENAGE 3470 POLYMER LABEL, SHELL;226354;MATRECTRANS;20;EDE1;Lubricant Storage;EDE1;EXT_Thionville;;;41726;;Lubricant;TECH-CONS;;;13,92;278,4;FOS1;;
17/03/2025;TRANSFER;31074;huile compresseur syntetic SYNTO 100 , FUCHS;226355;MATRECTRANS;5;EDE1;Lubricant Storage;EDE1;EXT_Thionville;;;41726;;Lubricant;TECH-CONS;;;14,12;70,6;FOS1;;
17/03/2025;TRANSFER;42120;Spirel GG20, Spirel;226356;MATRECTRANS;4;EDE1;lubricant storage;EDE1;EXT_Thionville;;;41726;;Lubricant;TECH-CONS;;;9,85;39,4;FOS1;;
17/03/2025;TRANSFER;42120;Spirel GG20, Spirel;226357;MATRECTRANS;1;EDE1;lubricant storage;EDE1;EXT_Thionville;;;41726;;Lubricant;TECH-CONS;;;7,02;7,02;FOS1;;
17/03/2025;RECEIPT;ITM4163;Hilfsschalterblock MARN220AT;226406;MATRECTRANS;2;DKS1;;DKS1;DKS1I25602;;PO58235;;;SparePart;JB;;;9,9;19,8;;;
17/03/2025;TRANSFER;ITM2230;Steckkarte Zentralrechner;226407;MATRECTRANS;1;DKR1;;DKR1;DKR1E21101;;;;;SparePart;JC;;REPAIRED;3537,2;3537,2;;;
17/03/2025;ISSUE;41969;MANIPULATEUR FREIN DIRECT;142381;MATUSETRANS;-1;FHIO1;;;;ORT1465;;41764;WO1880981;SparePart;RB;REVI-SO;;0;0;FHIO1;BB27144;NEW
17/03/2025;TRANSFER;ITM5098;Traction/braking force control panel;226410;MATRECTRANS;1;DKS1;;DKS1;DKS1E06102;;PO58235;;;SparePart;TA;;NEW;13300;0;;;
17/03/2025;TRANSFER;ITM5098;Traction/braking force control panel;226411;MATRECTRANS;1;DKS1;;DKS1;DKS1E06102;;PO58235;;;SparePart;TA;;;13300;13300;AKM;;
17/03/2025;TRANSFER;15637;Druckluftbehälter Tiefschwarz Aluminium 400Liter;226412;MATRECTRANS;1;DKR1;;DKR1;DKR1000HOF;;PO60659;;;SparePart;QD;;NEW;1436,2;0;;;
17/03/2025;TRANSFER;15637;Druckluftbehälter Tiefschwarz Aluminium 400Liter;226413;MATRECTRANS;1;DKR1;;DKR1;DKR1000HOF;;PO60659;;;SparePart;QD;;NEW;1436,2;0;;;
17/03/2025;TRANSFER;15637;Druckluftbehälter Tiefschwarz Aluminium 400Liter;226414;MATRECTRANS;2;DKR1;;DKR1;DKR1000HOF;;PO60659;;;SparePart;QD;;;1436,2;2872,4;AKM;;
17/03/2025;ISSUE;14280;Wischerlager;142576;MATUSETRANS;-2;DKR1;;;;ORT1081;;41763;WO1963860;SparePart;JG;CM-FS;;33,87;67,74;DKR1;189-152;NEW
17/03/2025;ISSUE;14777;Bordnetzbatterie 104V 2PzS 86/90Ah;142577;MATUSETRANS;-1;DZW1;;;;PLACEOFREPAIR;;41765;;SparePart;HD;;;550;550;DZW1;;
17/03/2025;STAGETRANSFER;30006;Netzsimulator Willtek 4202R;226415;MATRECTRANS;1;DKS1;;DKS1;;;;41766;;;TECH-TOOL;;;0;0;DKS1;;
17/03/2025;RETURN;13299;Lichtsteuergerät LSG1;142703;MATUSETRANS;1;VZL1;;;;ORT1071;;41769;WO1955665;SparePart;KA;CM-FS;REPAIRED;320;-320;VZL1;186-155;NEW
17/03/2025;TRANSFER;14028;Zentralknoten SP-Z;226358;MATRECTRANS;1;DKR1;;DKR1;DKR1E04406;;;;;SparePart;JC;;REPAIRED;0;0;;;
17/03/2025;RETURN;13300;Lichtsteuergerät LSG1 (746178);142704;MATUSETRANS;1;VZL1;;;;ORT1071;;41770;WO1955665;SparePart;KA;CM-FS;REPAIRED;0;0;VZL1;186-155;NEW
17/03/2025;RETURN;13300;Lichtsteuergerät LSG1 (746178);142705;MATUSETRANS;1;VZL1;;;;ORT1071;;41771;WO1955665;SparePart;KA;CM-FS;REPAIRED;382,34;-382,34;VZL1;186-155;NEW
17/03/2025;RETURN;29164;EP-Dose 9Polig UIC 541-5 mit Kabel inkl. Halter;142706;MATUSETRANS;2;VZL1;;;;;;;WO1955656;SparePart;SG;CM-FS;;0;0;VZL1;186-155;NEW
17/03/2025;TRANSFER;14028;Zentralknoten SP-Z;225757;MATRECTRANS;1;DKR1;DKR1E04406;DKR1;DKR1E04106;;;41772;;SparePart;JC;;REPAIRED;0;0;DKR1;;
17/03/2025;TRANSFER;41956;MANIPULATEUR CONDUITE TRACTION/FREINAGE;226359;MATRECTRANS;1;FOS1;;FOS1;FOS1D03001;;;;;SparePart;ZZ;;;1;1;;;
17/03/2025;ISSUE;41956;MANIPULATEUR CONDUITE TRACTION/FREINAGE;142382;MATUSETRANS;-1;FOS1;;;;ORT1576;;41773;WO1831867;SparePart;ZZ;REVI-SO;;1;1;FOS1;BB27126;NEW
17/03/2025;RECEIPT;ITM4206;Digital Input Unit DCX3000A MITRAC CC MIO-DI1;226416;MATRECTRANS;1;DKS1;;DKS1;DKS1J10303;;PO58235;;;SparePart;JA;;;611;611;;;
17/03/2025;RECEIPT;31751;kit de prélèvement Huile Transformateur , SGS;226417;MATRECTRANS;70;FOS1;;FOS1;FOS1A01301;;PO73180;;;SparePart;TECH-TOOL;;;22,45;1571,5;;;
17/03/2025;RECEIPT;56004;Goupille fendue 8 x 80 mm, WURTH;226418;MATRECTRANS;100;FOS1;;FOS1;FOS1H05205;;PO73639;;;SparePart;ZZ;;;0,73;73;;;
17/03/2025;RECEIPT;ITM4213;Combi Sensor vormontiert;226419;MATRECTRANS;2;DKS1;;DKS1;DKS1I25602;;PO58235;;;SparePart;GE;;;134;268;;;
17/03/2025;SHIPRECEIPT;27746;Dichtungsrahmen für  Signalsw. Mitte oben;226420;MATRECTRANS;2;DKR1;DKS1J42003;DKR1;DKR1F08306;;;41661;;SparePart;KB;;;120,16;240,32;DKS1;;
17/03/2025;SHIPRECEIPT;13375;Armlehne Links für Fahrersitz 738.37;226421;MATRECTRANS;3;DKR1;DKS1J30101;DKR1;DKR1E04305;;;41661;;SparePart;DC;;;69,8;209,4;DKS1;;
17/03/2025;SHIPRECEIPT;13374;Armlehne Rechts für Fahrersitz 738.37;226422;MATRECTRANS;2;DKR1;DKS1J30103;DKR1;DKR1E19305;;;41661;;SparePart;DC;;;69,8;139,6;DKS1;;
17/03/2025;STAGETRANSFER;29138;Einstiegsleiter;225698;MATRECTRANS;2;DKS1;DKS1000EIN;DKS1;DKS1000EIN;;;41774;;SparePart;ND;;;1810;3620;DKS1;;
17/03/2025;STAGETRANSFER;ITM1782;Stützisolator;225699;MATRECTRANS;3;DKS1;DKS1000EIN;DKS1;DKS1000EIN;;;41774;;SparePart;FB;;;492;1476;DKS1;;
17/03/2025;STAGETRANSFER;30121;LIM ACI 12CS08C-V0020, Lokschutz BR187;225700;MATRECTRANS;1;DKS1;DKS1000EIN;DKS1;DKS1000EIN;;;41774;;SparePart;JA;;NEW;15600;15600;DKS1;;
17/03/2025;SHIPRECEIPT;13375;Armlehne Links für Fahrersitz 738.37;226423;MATRECTRANS;1;DKR1;DKS1J30101;DKR1;DKR1E04305;;;41660;;SparePart;DC;;;69,8;69,8;DKS1;;
17/03/2025;RECEIPT;ITM2171;3899*23.107.9419449*001-Sikaflex 521 UV  300ml Noir;226424;MATRECTRANS;13;FOS1;;FOS1;Armoire 1;;PO73023;;;;MA;;;9,93;129,09;;;
17/03/2025;TRANSFER;ITM2465;Prefilter spin-on fuel filter;226425;MATRECTRANS;13;SHA1;SHA1S41301;SHA1;SHA1S30101;;;;;SparePart;QC;;;32,49;422,37;SHA1;;
17/03/2025;TRANSFER;ITM2465;Prefilter spin-on fuel filter;226427;MATRECTRANS;10;SHA1;SHA1S42101;SHA1;SHA1S30101;;;;;SparePart;QC;;;32,49;324,9;SHA1;;
17/03/2025;TRANSFER;ITM2465;Prefilter spin-on fuel filter;226428;MATRECTRANS;32;SHA1;SHA1S42201;SHA1;SHA1S30101;;;;;SparePart;QC;;;32,49;1039,68;SHA1;;
17/03/2025;TRANSFER;ITM2465;Prefilter spin-on fuel filter;226429;MATRECTRANS;1;SHA1;SHA1S42301;SHA1;SHA1S30101;;;;;SparePart;QC;;;32,49;32,49;SHA1;;
17/03/2025;TRANSFER;ITM2465;Prefilter spin-on fuel filter;226430;MATRECTRANS;4;SHA1;SHA1S42301;SHA1;SHA1S30101;;;;;SparePart;QC;;;32,49;129,96;SHA1;;
17/03/2025;TRANSFER;ITM4786;O-Ring 12,5 x 18,5 x 3 für Kraftstofffilter DPM;226431;MATRECTRANS;77;SHA1;SHA1S42305;SHA1;SHA1S30101;;;;;SparePart;TECH-STAP;;;2,38;183,26;SHA1;;
17/03/2025;TRANSFER;ITM4800;O-Ring Ring, 103,1 x 93 x 8 mm für Kraftstofffilter DPM;226432;MATRECTRANS;76;SHA1;SHA1S42304;SHA1;SHA1S30101;;;;;SparePart;TECH-STAP;;;5,07;385,32;SHA1;;
17/03/2025;TRANSFER;ITM4800;O-Ring Ring, 103,1 x 93 x 8 mm für Kraftstofffilter DPM;226433;MATRECTRANS;1;SHA1;SHA1S42304;SHA1;SHA1S30101;;;;;SparePart;TECH-STAP;;;5,07;5,07;SHA1;;
17/03/2025;TRANSFER;15151;MANN filter element CU14200;226434;MATRECTRANS;4;SHA1;SHA1S41101;SHA1;SHA1S31101;;;;;SparePart;QA;;;24,85;99,4;SHA1;;
17/03/2025;TRANSFER;15151;MANN filter element CU14200;226435;MATRECTRANS;8;SHA1;SHA1S41201;SHA1;SHA1S31101;;;;;SparePart;QA;;;24,85;198,8;SHA1;;
17/03/2025;TRANSFER;15151;MANN filter element CU14200;226436;MATRECTRANS;1;SHA1;SHA1S41205;SHA1;SHA1S31101;;;;;SparePart;QA;;;24,85;24,85;SHA1;;
17/03/2025;TRANSFER;15151;MANN filter element CU14200;226437;MATRECTRANS;7;SHA1;SHA1S41205;SHA1;SHA1S31101;;;;;SparePart;QA;;;24,85;173,95;SHA1;;
17/03/2025;TRANSFER;15151;MANN filter element CU14200;226438;MATRECTRANS;16;SHA1;SHA1S42401;SHA1;SHA1S31101;;;;;SparePart;QA;;;24,85;397,6;SHA1;;
17/03/2025;TRANSFER;15151;MANN filter element CU14200;226439;MATRECTRANS;1;SHA1;SHA1S42501;SHA1;SHA1S31101;;;;;SparePart;QA;;;24,85;24,85;SHA1;;
17/03/2025;TRANSFER;15151;MANN filter element CU14200;226440;MATRECTRANS;15;SHA1;SHA1S42501;SHA1;SHA1S31101;;;;;SparePart;QA;;;24,85;372,75;SHA1;;
17/03/2025;TRANSFER;15151;MANN filter element CU14200;226441;MATRECTRANS;4;SHA1;SHA1S42601;SHA1;SHA1S31101;;;;;SparePart;QA;;;24,85;99,4;SHA1;;
17/03/2025;TRANSFER;16179;Ölfeinstfilter-Kit;226442;MATRECTRANS;2;SHA1;Lager 4;SHA1;SHA1S31101;;;;;SparePart;QA;;;169,58;339,16;SHA1;;
17/03/2025;TRANSFER;16179;Ölfeinstfilter-Kit;226443;MATRECTRANS;15;SHA1;Lager 4;SHA1;SHA1S31101;;;;;SparePart;QA;;;169,58;2543,7;SHA1;;
17/03/2025;TRANSFER;16179;Ölfeinstfilter-Kit;226444;MATRECTRANS;6;SHA1;Lager 4;SHA1;SHA1S31101;;;;;SparePart;QA;;;169,58;1017,48;SHA1;;
17/03/2025;TRANSFER;13441;Filtermatte Klimagerät (Blau), 400x460mm mit Kunststoffrahmen;226445;MATRECTRANS;9;SHA1;Lager 4;SHA1;SHA1S31101;;;;;SparePart;LC;;;13,4;120,6;SHA1;;
17/03/2025;TRANSFER;13441;Filtermatte Klimagerät (Blau), 400x460mm mit Kunststoffrahmen;226446;MATRECTRANS;2;SHA1;Lager 4;SHA1;SHA1S31101;;;;;SparePart;LC;;;13,4;26,8;SHA1;;
17/03/2025;TRANSFER;13441;Filtermatte Klimagerät (Blau), 400x460mm mit Kunststoffrahmen;226447;MATRECTRANS;9;SHA1;Lager 4;SHA1;SHA1S31101;;;;;SparePart;LC;;;13,4;120,6;SHA1;;
17/03/2025;TRANSFER;ITM2469;Air filter (DPM);226449;MATRECTRANS;10;SHA1;Lager 4;SHA1;SHA1S32101;;;;;SparePart;EA;;;506,81;5068,1;SHA1;;
17/03/2025;TRANSFER;ITM2469;Air filter (DPM);226450;MATRECTRANS;9;SHA1;Lager 4;SHA1;SHA1S32101;;;;;SparePart;EA;;;506,81;4561,29;SHA1;;
17/03/2025;TRANSFER;ITM2469;Air filter (DPM);226451;MATRECTRANS;7;SHA1;Lager 4;SHA1;SHA1S32101;;;;;SparePart;EA;;;506,81;3547,67;SHA1;;
17/03/2025;TRANSFER;ITM2469;Air filter (DPM);226448;MATRECTRANS;9;SHA1;Lager 4;SHA1;SHA1S32101;;;;;SparePart;EA;;;506,81;4561,29;SHA1;;
17/03/2025;TRANSFER;13442;Filtermatte HBU-Schrank;226452;MATRECTRANS;136;SHA1;Lager4;SHA1;SHA1S33101;;;;;SparePart;HA;;;2,1;285,6;SHA1;;
17/03/2025;TRANSFER;13442;Filtermatte HBU-Schrank;226453;MATRECTRANS;8;SHA1;Lager4;SHA1;SHA1S33101;;;;;SparePart;HA;;;2,1;16,8;SHA1;;
17/03/2025;STAGETRANSFER;16221;Stromabnehmer komplett WBL85 1-26710.13894 (PL);226360;MATRECTRANS;1;DKS1;DKS1000HOF;DKS1;DKS1000HOF;;;41778;;SparePart;FB;;NEW;17737,8;17737,8;DKS1;;
17/03/2025;SHIPTRANSFER;12639;Kohleschleifstück SK745 SK85W (D) mit 90°-Enden;226361;MATRECTRANS;2;MARCIN.LIPINSKI-ST;Schleifleistenregal;MARCIN.LIPINSKI-ST;;;;41587;;SparePart;FB;;;93,67;187,34;PPO1;;
17/03/2025;SHIPTRANSFER;12640;Kohleschleifstück SK835 SK85Cu (NL) mit 15°-Enden;226362;MATRECTRANS;4;MARCIN.LIPINSKI-ST;Schleifleistenregal;MARCIN.LIPINSKI-ST;;;;41587;;SparePart;FB;;;288;1152;PPO1;;
17/03/2025;SHIPTRANSFER;56592;Schleifstück SK1091-SK85ACu BöKleb, Schunk (PL);226363;MATRECTRANS;2;MARCIN.LIPINSKI-ST;Schleifleistenregal;MARCIN.LIPINSKI-ST;;;;41587;;SparePart;FB;;;715,08;1430,16;PPO1;;
17/03/2025;SHIPRECEIPT;12639;Kohleschleifstück SK745 SK85W (D) mit 90°-Enden;226364;MATRECTRANS;2;MARCIN.LIPINSKI-ST;Schleifleistenregal;MARCIN.LIPINSKI-ST;;;;41587;;SparePart;FB;;;93,67;187,34;PPO1;;
17/03/2025;SHIPRECEIPT;12640;Kohleschleifstück SK835 SK85Cu (NL) mit 15°-Enden;226365;MATRECTRANS;4;MARCIN.LIPINSKI-ST;Schleifleistenregal;MARCIN.LIPINSKI-ST;;;;41587;;SparePart;FB;;;288;1152;PPO1;;
17/03/2025;SHIPRECEIPT;56592;Schleifstück SK1091-SK85ACu BöKleb, Schunk (PL);226366;MATRECTRANS;2;MARCIN.LIPINSKI-ST;Schleifleistenregal;MARCIN.LIPINSKI-ST;;;;41587;;SparePart;FB;;;715,08;1430,16;PPO1;;
17/03/2025;RECEIPT;ITM5328;~null~;226454;MATRECTRANS;20;FOS1;;FOS1;FOS1I04602;;PO73620;;;SmallPart;MA;;;4;80;;;
17/03/2025;RECEIPT;ITM5328;~null~;226455;MATRECTRANS;150;FOS1;;FOS1;FOS1A03102;;PO73620;;;SmallPart;MA;;;4;600;;;
17/03/2025;SHIPRECEIPT;13831;IGBT Phasenbaustein SIBAC BB S3P-3000WL - Erzeugnis-Nummer: 450 375.9007.00, Siemens AG;226456;MATRECTRANS;1;DKS1;;DKS1;DKS1000REP;;;41701;;SparePart;FD;;DEFECT;0;0;DLP1;;
17/03/2025;SHIPRECEIPT;15288;IGBT Phasenbaustein SIBAC BB SP-3000WL – Erzeugnis-Nummer: 450 375.9006.00;226457;MATRECTRANS;1;DKS1;DLP1000EIN;DKS1;DKS1C08002;;;41701;;SparePart;FD;;REPAIRED;20400;20400;DLP1;;
17/03/2025;ISSUE;30221;Shell Rimula R6LM 10W40 / Fût 209L, SHELL;142578;MATUSETRANS;-280;HKO1;;;;;;;WO1925533;Lubricant;TECH-CONS;PM-FS;;4,28;1198,4;HKO1;285-106;NEW
17/03/2025;ISSUE;30222;Shell Rimula R6LM 10W40 / Bidon 20L, SHELL;142579;MATUSETRANS;-20;HUM1;;;;;;;WO1925533;Lubricant;TECH-CONS;PM-FS;;5,13;102,6;HUM1;285-106;NEW
17/03/2025;TRANSFER;13915;Gebläse (Motor mit Lüfterrad);226459;MATRECTRANS;1;SHA1;;SHA1;WORKSHOP;;PO69830;;;SparePart;HE;;NEW;4641,55;0;;;
17/03/2025;TRANSFER;13915;Gebläse (Motor mit Lüfterrad);226460;MATRECTRANS;1;SHA1;;SHA1;WORKSHOP;;PO69830;;;SparePart;HE;;NEW;4641,55;0;;;
17/03/2025;TRANSFER;13915;Gebläse (Motor mit Lüfterrad);226461;MATRECTRANS;1;SHA1;;SHA1;WORKSHOP;;PO69830;;;SparePart;HE;;NEW;4641,55;0;;;
17/03/2025;TRANSFER;13915;Gebläse (Motor mit Lüfterrad);226462;MATRECTRANS;1;SHA1;;SHA1;WORKSHOP;;PO69830;;;SparePart;HE;;NEW;4641,55;0;;;
17/03/2025;TRANSFER;13915;Gebläse (Motor mit Lüfterrad);226463;MATRECTRANS;4;SHA1;;SHA1;WORKSHOP;;PO69830;;;SparePart;HE;;;4641,55;18566,2;AKM;;
17/03/2025;TRANSFER;14072;Kompressoraggregat VV270-T, Knorr Bremse GmbH;226464;MATRECTRANS;1;DKS1;;DKS1;DKS1B01002;;;;;SparePart;QB;;REPAIRED;0;0;;;
17/03/2025;TRANSFER;29542;Archet carbone 25KV FRET (1600 mm), Faiveley Tours;226367;MATRECTRANS;1;FOS1;;FOS1;;;;;;SparePart;FB;;NEW;0;0;;;
17/03/2025;ISSUE;27456;Filtermatte FM Viledon P15 195x170mm;142384;MATUSETRANS;-4;HKO1;;;;;;;WO1943480;SparePart;QA;PM-FS;;1,1;4,4;HKO1;185-639;NEW
17/03/2025;STAGETRANSFER;13915;Gebläse (Motor mit Lüfterrad);226465;MATRECTRANS;1;SHA1;WORKSHOP;SHA1;WORKSHOP;;;41783;;SparePart;HE;;NEW;4641,55;4641,55;SHA1;;
17/03/2025;STAGETRANSFER;13915;Gebläse (Motor mit Lüfterrad);226466;MATRECTRANS;1;SHA1;WORKSHOP;SHA1;WORKSHOP;;;41783;;SparePart;HE;;NEW;4641,55;4641,55;SHA1;;
17/03/2025;STAGETRANSFER;13915;Gebläse (Motor mit Lüfterrad);226467;MATRECTRANS;1;SHA1;WORKSHOP;SHA1;WORKSHOP;;;41783;;SparePart;HE;;NEW;4641,55;4641,55;SHA1;;
17/03/2025;STAGETRANSFER;13915;Gebläse (Motor mit Lüfterrad);226468;MATRECTRANS;1;SHA1;WORKSHOP;SHA1;WORKSHOP;;;41783;;SparePart;HE;;NEW;4641,55;4641,55;SHA1;;
17/03/2025;SHIPRECEIPT;ITM2320;RDL 12-Rondelle - 98-57-12;226368;MATRECTRANS;23;FOS1;FHIO1I01116;FOS1;;;;40107;;SmallPart;MA;;;1,23;28,29;FHIO1;;
17/03/2025;SHIPRECEIPT;ITM2320;RDL 12-Rondelle - 98-57-12;226369;MATRECTRANS;12;FOS1;FHIO1I01116;FOS1;;;;40107;;SmallPart;MA;;;1,23;14,76;FHIO1;;
17/03/2025;TRANSFER;ITM2320;RDL 12-Rondelle - 98-57-12;226370;MATRECTRANS;23;FOS1;;FOS1;FOS1H02307;;;;;SmallPart;MA;;;1,23;28,29;FOS1;;
17/03/2025;TRANSFER;ITM2320;RDL 12-Rondelle - 98-57-12;226371;MATRECTRANS;12;FOS1;;FOS1;FOS1H02307;;;;;SmallPart;MA;;;1,23;14,76;FOS1;;
17/03/2025;TRANSFER;29381;Kompressoraggregat VV270-T;226469;MATRECTRANS;1;DKS1;;DKS1;DKS1A05003;;;;;SparePart;QB;;REPAIRED;25501;25501;;;
17/03/2025;SHIPTRANSFER;30006;Netzsimulator Willtek 4202R;226470;MATRECTRANS;1;DKR1;;DKR1;Tooling Lager;;;41766;;;TECH-TOOL;;;0;0;DKS1;;
17/03/2025;TRANSFER;31751;kit de prélèvement Huile Transformateur , SGS;226473;MATRECTRANS;6;FOS1;FOS1A01301;FOS1;FOS1B03502;;;;;SparePart;TECH-TOOL;;;21,6;129,6;FOS1;;
17/03/2025;TRANSFER;31751;kit de prélèvement Huile Transformateur , SGS;226474;MATRECTRANS;8;FOS1;FOS1A01301;FOS1;FOS1B03502;;;;;SparePart;TECH-TOOL;;;21,6;172,8;FOS1;;
17/03/2025;TRANSFER;31751;kit de prélèvement Huile Transformateur , SGS;226475;MATRECTRANS;13;FOS1;FOS1A01301;FOS1;FOS1B03502;;;;;SparePart;TECH-TOOL;;;21,6;280,8;FOS1;;
17/03/2025;TRANSFER;31751;kit de prélèvement Huile Transformateur , SGS;226476;MATRECTRANS;19;FOS1;FOS1A01301;FOS1;FOS1B03502;;;;;SparePart;TECH-TOOL;;;22,45;426,55;FOS1;;
17/03/2025;TRANSFER;31751;kit de prélèvement Huile Transformateur , SGS;226471;MATRECTRANS;14;FOS1;FOS1A01301;FOS1;FOS1B03502;;;;;SparePart;TECH-TOOL;;;20,2;282,8;FOS1;;
17/03/2025;TRANSFER;31751;kit de prélèvement Huile Transformateur , SGS;226472;MATRECTRANS;10;FOS1;FOS1A01301;FOS1;FOS1B03502;;;;;SparePart;TECH-TOOL;;;21,6;216;FOS1;;
17/03/2025;STAGETRANSFER;15528;Kohleschleifstück SK1400 SK85ACu (PL);226478;MATRECTRANS;2;PPO1;PPO10000P1;PPO1;PPO10000P1;;;41784;;SparePart;FB;;;507,8;1015,6;PPO1;;
17/03/2025;SHIPTRANSFER;15528;Kohleschleifstück SK1400 SK85ACu (PL);226479;MATRECTRANS;2;VZL1;PPO10000P1;VZL1;Polregio Torun;;;41784;;SparePart;FB;;;507,8;1015,6;PPO1;;
